"DATE","MORTGAGE30US","FEDFUNDS","CPILFESL","TB3MS","GS20","HQMCB10YR","LREM64TTUSM156S","NGDPNSAXDCUSQ","USSTHPI"
"1993-10-01",6.834,2.99,153.4,3.02,6.07,6.21,71.2222231182418,1793877,180.28
"1993-11-01",7.155,3.02,153.9,3.1,6.38,6.55,71.4612606033104,1774740.33333333,180.656666666667
"1993-12-01",7.172,2.96,154.3,3.06,6.4,6.58,71.609823890986,1755603.66666667,181.033333333333
"1994-01-01",7.06,3.05,154.5,2.98,6.39,6.54,71.553824661292,1736467,181.41
"1994-02-01",7.1525,3.25,154.8,3.25,6.57,6.76,71.6637404578662,1760838.66666667,181.77
"1994-03-01",7.675,3.34,155.3,3.5,7,7.29,71.5484087430121,1785210.33333333,182.13
"1994-04-01",8.316,3.56,155.5,3.68,7.4,7.88,71.6430486417441,1809582,182.49
"1994-05-01",8.5975,4.01,155.9,4.14,7.54,8.05,71.9554116394142,1818862.66666667,182.743333333333
"1994-06-01",8.3975,4.25,156.4,4.14,7.51,7.95,71.8095699997856,1828143.33333333,182.996666666667
"1994-07-01",8.614,4.26,156.7,4.33,7.67,8.13,71.8367234731544,1837424,183.25
"1994-08-01",8.5125,4.47,157.1,4.48,7.62,8.05,72.0971759345411,1859537,183.2
"1994-09-01",8.64,4.73,157.5,4.62,7.87,8.27,72.2363626518033,1881650,183.15
"1994-10-01",8.925,4.76,157.8,4.95,8.08,8.55,72.4404768766532,1903763,183.1
"1994-11-01",9.17,5.29,158.2,5.29,8.2,8.72,72.6141780187581,1880891,183.416666666667
"1994-12-01",9.198,5.45,158.3,5.6,7.99,8.57,72.6818606789641,1858019,183.733333333333
"1995-01-01",9.1475,5.53,159,5.71,7.97,8.54,72.5785232517924,1835147,184.05
"1995-02-01",8.8275,5.92,159.4,5.77,7.73,8.23,72.7316071161865,1855906,185.06
"1995-03-01",8.462,5.98,159.9,5.73,7.57,7.97,72.7009685225844,1876665,186.07
"1995-04-01",8.32,6.05,160.4,5.65,7.45,7.82,72.5978969195496,1897424,187.08
"1995-05-01",7.955,6.01,160.7,5.67,7.01,7.38,72.4057634063356,1905891.66666667,188.04
"1995-06-01",7.566,6,161.1,5.47,6.59,6.96,72.4420879224429,1914359.33333333,189
"1995-07-01",7.6075,5.85,161.4,5.42,6.74,7.07,72.5464461557276,1922827,189.96
"1995-08-01",7.86,5.74,161.8,5.4,6.92,7.28,72.4754303538727,1943335.66666667,190.45
"1995-09-01",7.636,5.8,162.2,5.28,6.65,6.97,72.488453101867,1963844.33333333,190.94
"1995-10-01",7.475,5.76,162.7,5.28,6.45,6.79,72.5681210141492,1984353,191.43
"1995-11-01",7.3775,5.8,163,5.36,6.33,6.69,72.4839285520327,1964673,192.143333333333
"1995-12-01",7.2,5.6,163.1,5.14,6.12,6.47,72.3539177144888,1944993,192.856666666667
"1996-01-01",7.03,5.56,163.7,5,6.11,6.43,72.3366078814849,1925313,193.57
"1996-02-01",7.075,5.22,164,4.83,6.3,6.6,72.5189278776623,1951912.66666667,193.676666666667
"1996-03-01",7.624,5.31,164.4,4.96,6.74,7.04,72.5957550209255,1978512.33333333,193.783333333333
"1996-04-01",7.925,5.22,164.6,4.95,6.98,7.26,72.5574212446274,2005112,193.89
"1996-05-01",8.07,5.24,165,5.02,7.11,7.47,72.7100406720241,2015125.33333333,194.176666666667
"1996-06-01",8.32,5.27,165.4,5.09,7.22,7.64,72.8299085837406,2025138.66666667,194.463333333333
"1996-07-01",8.245,5.4,165.7,5.15,7.14,7.58,72.9921873681966,2035152,194.75
"1996-08-01",8.002,5.22,166,5.05,6.97,7.35,73.0512818942343,2059285.66666667,195.256666666667
"1996-09-01",8.23,5.3,166.5,5.09,7.17,7.55,73.1686539131938,2083419.33333333,195.763333333333
"1996-10-01",7.915,5.24,166.8,4.99,6.9,7.24,73.2911613658206,2107553,196.27
"1996-11-01",7.618,5.31,167.2,5.03,6.58,6.89,73.1560591425251,2086208,196.813333333333
"1996-12-01",7.5975,5.29,167.4,4.91,6.65,7.01,73.1113042837209,2064863,197.356666666667
"1997-01-01",7.824,5.25,167.8,5.03,6.91,7.28,73.0430840067633,2043518,197.9
"1997-02-01",7.65,5.19,168.1,5.01,6.77,7.11,73.0743512550815,2072220.66666667,198.443333333333
"1997-03-01",7.8975,5.39,168.4,5.14,7.05,7.37,73.3553280404569,2100923.33333333,198.986666666667
"1997-04-01",8.1425,5.51,168.9,5.16,7.2,7.56,73.3658294136743,2129626,199.53
"1997-05-01",7.944,5.5,169.2,5.05,7.02,7.4,73.496061440964,2141916.33333333,200.433333333333
"1997-06-01",7.69,5.56,169.4,4.93,6.84,7.17,73.4546834249975,2154206.66666667,201.336666666667
"1997-07-01",7.4975,5.52,169.7,5.05,6.56,6.88,73.6733059724682,2166497,202.24
"1997-08-01",7.48,5.54,169.8,5.14,6.65,6.98,73.755334706233,2190301.66666667,203.12
"1997-09-01",7.43,5.54,170.2,4.95,6.56,6.88,73.6464317214696,2214106.33333333,204
"1997-10-01",7.294,5.5,170.6,4.97,6.38,6.73,73.6610550548582,2237911,204.88
"1997-11-01",7.205,5.52,170.8,5.14,6.2,6.65,73.8118545711076,2212190.33333333,205.903333333333
"1997-12-01",7.095,5.5,171.2,5.16,6.07,6.57,73.7476132098478,2186469.66666667,206.926666666667
"1998-01-01",6.994,5.56,171.6,5.04,5.88,6.35,73.7058744713668,2160749,207.95
"1998-02-01",7.0425,5.51,171.9,5.09,5.96,6.43,73.7772919024762,2190476,208.566666666667
"1998-03-01",7.1275,5.49,172.2,5.03,6.01,6.48,73.8003406499922,2220203,209.183333333333
"1998-04-01",7.14,5.45,172.5,4.95,6,6.46,73.869825630262,2249930,209.8
"1998-05-01",7.144,5.49,172.9,5,6.01,6.48,73.8822104330411,2260434.66666667,210.78
"1998-06-01",6.9975,5.56,173.2,4.98,5.8,6.32,73.8037117170991,2270939.33333333,211.76
"1998-07-01",6.952,5.54,173.5,4.96,5.78,6.33,73.7316657065888,2281444,212.74
"1998-08-01",6.9225,5.55,174,4.9,5.66,6.32,73.8012606358144,2311195.33333333,213.576666666667
"1998-09-01",6.7225,5.51,174.2,4.61,5.38,6.05,73.9269649274894,2340946.66666667,214.413333333333
"1998-10-01",6.71,5.07,174.4,3.96,5.3,6,73.8632198087125,2370698,215.25
"1998-11-01",6.865,4.83,174.8,4.41,5.48,6.18,73.9226869299663,2344871.33333333,216.006666666667
"1998-12-01",6.738,4.68,175.4,4.39,5.36,5.95,74.0561273450793,2319044.66666667,216.763333333333
"1999-01-01",6.785,4.63,175.6,4.34,5.45,5.96,74.0859495652491,2293218,217.52
"1999-02-01",6.8075,4.76,175.6,4.44,5.66,6.21,73.941635573532,2324999,218.486666666667
"1999-03-01",7.04,4.81,175.7,4.44,5.87,6.44,73.9391684820998,2356780,219.453333333333
"1999-04-01",6.916,4.74,176.3,4.29,5.82,6.39,73.8154126648501,2388561,220.42
"1999-05-01",7.145,4.74,176.5,4.5,6.08,6.79,73.9784482956545,2400318.33333333,221.463333333333
"1999-06-01",7.55,4.76,176.6,4.57,6.36,7.23,73.9005698377644,2412075.66666667,222.506666666667
"1999-07-01",7.632,4.99,177.1,4.55,6.28,7.16,73.8749157535676,2423833,223.55
"1999-08-01",7.9425,5.07,177.3,4.72,6.43,7.4,73.909260822968,2457571.33333333,224.316666666667
"1999-09-01",7.8225,5.22,177.8,4.68,6.5,7.34,73.8244836426842,2491309.66666667,225.083333333333
"1999-10-01",7.852,5.2,178.1,4.86,6.66,7.49,73.9354940900108,2525048,225.85
"1999-11-01",7.7375,5.42,178.4,5.07,6.48,7.32,74.0379331161472,2499745,227.293333333333
"1999-12-01",7.912,5.3,178.7,5.2,6.69,7.54,74.115263017925,2474442,228.736666666667
"2000-01-01",8.21,5.45,179.3,5.32,6.86,7.91,74.2649657189304,2449139,230.18
"2000-02-01",8.325,5.73,179.4,5.55,6.54,7.87,74.2841760839604,2489251.33333333,231.426666666667
"2000-03-01",8.24,5.85,180,5.69,6.38,7.78,74.243802670878,2529363.66666667,232.673333333333
"2000-04-01",8.1525,6.02,180.3,5.66,6.18,7.71,74.5089680315724,2569476,233.92
"2000-05-01",8.515,6.27,180.7,5.79,6.55,8.27,74.0791914272245,2572337.33333333,235.343333333333
"2000-06-01",8.288,6.53,181.1,5.69,6.28,7.93,74.2122067519305,2575198.66666667,236.766666666667
"2000-07-01",8.1475,6.54,181.5,5.96,6.2,7.84,73.8256477337581,2578060,238.19
"2000-08-01",8.0275,6.5,181.9,6.09,6.02,7.67,73.8752760902298,2603933,239.406666666667
"2000-09-01",7.912,6.52,182.3,6,6.09,7.7,73.8615113465246,2629806,240.623333333333
"2000-10-01",7.795,6.51,182.6,6.11,6.04,7.7,73.8828560431817,2655679,241.84
"2000-11-01",7.745,6.51,183.1,6.17,5.98,7.67,73.9272041847417,2624598,243.833333333333
"2000-12-01",7.382,6.4,183.3,5.77,5.64,7.27,74.1188653030942,2593517,245.826666666667
"2001-01-01",7.0325,5.98,183.9,5.15,5.65,7.08,73.9757884243334,2562436,247.82
"2001-02-01",7.05,5.49,184.4,4.88,5.62,6.97,73.8834231786015,2593745.33333333,249.206666666667
"2001-03-01",6.952,5.31,184.7,4.42,5.49,6.77,73.9220881084761,2625054.66666667,250.593333333333
"2001-04-01",7.0775,4.8,185.1,3.87,5.78,7,73.5526138465901,2656364,251.98
"2001-05-01",7.145,4.21,185.3,3.62,5.92,7.11,73.3964164571802,2654686.33333333,253.28
"2001-06-01",7.16,3.97,186,3.49,5.82,6.97,73.1424850673403,2653008.66666667,254.58
"2001-07-01",7.1275,3.77,186.4,3.51,5.75,6.92,73.1255985457393,2651331,255.88
"2001-08-01",6.95,3.65,186.7,3.36,5.58,6.69,72.5734561644191,2671449,256.936666666667
"2001-09-01",6.8175,3.07,187.1,2.64,5.53,6.77,72.7938971464032,2691567,257.993333333333
"2001-10-01",6.6175,2.49,187.4,2.16,5.34,6.51,72.4623135845457,2711685,259.05
"2001-11-01",6.658,2.09,188.1,1.87,5.33,6.36,72.3042859692496,2684829.66666667,260.29
"2001-12-01",7.065,1.82,188.4,1.69,5.76,6.71,72.2265767374569,2657974.33333333,261.53
"2002-01-01",6.9975,1.73,188.7,1.65,5.69,6.61,72.0171833582776,2631119,262.77
"2002-02-01",6.8925,1.74,189.1,1.72,5.61,6.52,72.3341071003492,2661360,264.263333333333
"2002-03-01",7.014,1.73,189.2,1.79,5.93,6.78,72.1328874473312,2691601,265.756666666667
"2002-04-01",6.985,1.75,189.7,1.71,5.85,6.73,71.9156834691191,2721842,267.25
"2002-05-01",6.806,1.75,190,1.73,5.81,6.71,72.0260475381677,2731715.66666667,269.016666666667
"2002-06-01",6.65,1.75,190.2,1.7,5.65,6.45,71.8412114204813,2741589.33333333,270.783333333333
"2002-07-01",6.485,1.73,190.5,1.68,5.51,6.39,71.746934642187,2751463,272.55
"2002-08-01",6.29,1.74,191.1,1.62,5.19,6.17,71.8881006711846,2775870.66666667,273.84
"2002-09-01",6.0925,1.75,191.3,1.63,4.87,5.79,72.0767521680933,2800278.33333333,275.13
"2002-10-01",6.1125,1.75,191.5,1.58,5,5.93,71.8897810974682,2824686,276.42
"2002-11-01",6.068,1.34,191.9,1.23,5.04,5.77,71.5417644199078,2797702,277.54
"2002-12-01",6.0475,1.24,192.1,1.19,5.01,5.63,71.5706128487322,2770718,278.66
"2003-01-01",5.916,1.24,192.4,1.17,5.02,5.51,71.5907761921929,2743734,279.78
"2003-02-01",5.8425,1.26,192.5,1.17,4.87,5.34,71.5221955991172,2772960.33333333,280.92
"2003-03-01",5.745,1.25,192.5,1.13,4.82,5.24,71.3978156542596,2802186.66666667,282.06
"2003-04-01",5.8125,1.26,192.5,1.13,4.91,5.25,71.3784645536316,2831413,283.2
"2003-05-01",5.484,1.26,192.9,1.07,4.52,4.79,71.2129327225503,2849910.33333333,284.656666666667
"2003-06-01",5.23,1.22,193,0.92,4.34,4.52,71.2149601593258,2868407.66666667,286.113333333333
"2003-07-01",5.6325,1.01,193.4,0.9,4.92,5.13,70.9888201504652,2886905,287.57
"2003-08-01",6.264,1.03,193.6,0.95,5.39,5.65,71.002318499875,2922736.33333333,290.283333333333
"2003-09-01",6.1475,1.01,193.7,0.94,5.21,5.45,70.9192030476542,2958567.66666667,292.996666666667
"2003-10-01",5.952,1.01,194,0.92,5.21,5.41,71.0564577520661,2994399,295.71
"2003-11-01",5.9325,1,194,0.93,5.17,5.38,71.1382193070294,2971133.33333333,297.26
"2003-12-01",5.876,0.98,194.2,0.9,5.11,5.32,71.1183174484262,2947867.66666667,298.81
"2004-01-01",5.7125,1,194.6,0.88,5.01,5.18,71.2791848844098,2924602,300.36
"2004-02-01",5.635,1.01,194.9,0.93,4.94,5.13,71.2098705627434,2960530,302.803333333333
"2004-03-01",5.445,1,195.5,0.94,4.72,4.87,71.0499984783569,2996458,305.246666666667
"2004-04-01",5.83,1,195.9,0.94,5.16,5.4,71.1824971799266,3032386,307.69
"2004-05-01",6.27,1,196.2,1.02,5.46,5.84,71.1317680010709,3044820,311.596666666667
"2004-06-01",6.2875,1.03,196.6,1.27,5.45,5.86,71.10662414476,3057254,315.503333333333
"2004-07-01",6.056,1.26,196.8,1.33,5.24,5.61,71.3037113631506,3069688,319.41
"2004-08-01",5.8675,1.43,196.9,1.48,5.07,5.39,71.2645867565015,3109965.66666667,321.693333333333
"2004-09-01",5.754,1.61,197.5,1.65,4.89,5.18,71.1520657303298,3150243.33333333,323.976666666667
"2004-10-01",5.7225,1.76,197.9,1.76,4.85,5.14,71.223801355681,3190521,326.26
"2004-11-01",5.73,1.93,198.3,2.07,4.89,5.18,71.3637673250594,3164123.66666667,328.75
"2004-12-01",5.752,2.16,198.6,2.19,4.88,5.17,71.3003468271068,3137726.33333333,331.24
"2005-01-01",5.71,2.28,199,2.33,4.77,5.14,71.3102780117892,3111329,333.73
"2005-02-01",5.6275,2.5,199.4,2.54,4.61,5.03,71.2245108000515,3151569.66666667,337.293333333333
"2005-03-01",5.928,2.63,200.1,2.74,4.89,5.34,71.2655847723511,3191810.33333333,340.856666666667
"2005-04-01",5.855,2.79,200.2,2.78,4.75,5.24,71.4367843441032,3232051,344.42
"2005-05-01",5.72,3,200.5,2.84,4.56,5.07,71.5285928598476,3256851,347.913333333333
"2005-06-01",5.582,3.04,200.6,2.97,4.35,4.9,71.4945603586776,3281651,351.406666666667
"2005-07-01",5.695,3.26,200.9,3.22,4.48,5.04,71.6276673832644,3306451,354.9
"2005-08-01",5.82,3.5,201.1,3.44,4.53,5.1,71.8248664580682,3334089.66666667,357.576666666667
"2005-09-01",5.774,3.62,201.3,3.42,4.51,5.07,71.6870465165311,3361728.33333333,360.253333333333
"2005-10-01",6.065,3.78,202,3.71,4.74,5.34,71.6934916055289,3389367,362.93
"2005-11-01",6.33,4,202.5,3.88,4.83,5.45,71.5576824781213,3370666.66666667,364.85
"2005-12-01",6.272,4.16,202.8,3.89,4.73,5.4,71.6274489117457,3351966.33333333,366.77
"2006-01-01",6.145,4.29,203.2,4.24,4.65,5.36,71.6907000047413,3333266,368.69
"2006-02-01",6.2525,4.49,203.6,4.43,4.73,5.51,71.7740154169284,3375840.66666667,369.946666666667
"2006-03-01",6.324,4.59,204.3,4.51,4.91,5.66,71.8416703612531,3418415.33333333,371.203333333333
"2006-04-01",6.5075,4.79,204.8,4.6,5.22,5.94,71.7892849156987,3460990,372.46
"2006-05-01",6.5975,4.94,205.4,4.72,5.35,6.06,71.8688476486358,3461891.33333333,373.483333333333
"2006-06-01",6.682,4.99,205.9,4.79,5.29,6.09,72.0069037273302,3462792.66666667,374.506666666667
"2006-07-01",6.7625,5.24,206.3,4.95,5.25,6.07,72.0064404510526,3463694,375.53
"2006-08-01",6.524,5.25,206.8,4.96,5.08,5.85,72.0969925969731,3495007,376.806666666667
"2006-09-01",6.4025,5.25,207.2,4.81,4.93,5.69,72.0508478573883,3526320,378.083333333333
"2006-10-01",6.3575,5.25,207.6,4.92,4.94,5.69,72.2432375412279,3557633,379.36
"2006-11-01",6.24,5.25,207.8,4.94,4.78,5.55,72.179636757044,3532424,379.833333333333
"2006-12-01",6.135,5.24,208.1,4.85,4.78,5.49,72.3254705240372,3507215,380.306666666667
"2007-01-01",6.2175,5.25,208.6,4.98,4.95,5.68,72.1394184583749,3482006,380.78
"2007-02-01",6.285,5.26,209.135,5.03,4.93,5.67,71.9750563333732,3525964.66666667,380.696666666667
"2007-03-01",6.156,5.26,209.418,4.94,4.81,5.57,72.0182269396041,3569923.33333333,380.613333333333
"2007-04-01",6.18,5.25,209.747,4.87,4.95,5.7,71.7051092707888,3613882,380.53
"2007-05-01",6.262,5.25,210.058,4.73,4.98,5.75,71.7525924181454,3621919,379.113333333333
"2007-06-01",6.6575,5.25,210.392,4.61,5.29,6.12,71.7693531258293,3629956,377.696666666667
"2007-07-01",6.695,5.26,210.773,4.82,5.19,6.14,71.7336292800149,3637993,376.28
"2007-08-01",6.572,5.02,211.119,4.2,5,6.11,71.5663282343835,3672112,375.876666666667
"2007-09-01",6.3825,4.94,211.554,3.89,4.84,6.04,71.697985771179,3706231,375.473333333333
"2007-10-01",6.375,4.76,212.077,3.9,4.83,5.94,71.5804063180819,3740350,375.07
"2007-11-01",6.208,4.49,212.66,3.27,4.56,5.94,71.7773091620211,3712729,374.153333333333
"2007-12-01",6.095,4.24,213.168,3,4.57,6.03,71.5529709027098,3685108,373.236666666667
"2008-01-01",5.758,3.94,213.771,2.75,4.35,5.87,71.6786828274187,3657487,372.32
"2008-02-01",5.9175,2.98,213.939,2.12,4.49,6.01,71.434753748188,3676936.33333333,369.19
"2008-03-01",5.97,2.61,214.42,1.26,4.36,6.24,71.4047598362421,3696385.66666667,366.06
"2008-04-01",5.9175,2.28,214.56,1.29,4.44,6.12,71.427853222744,3715835,362.93
"2008-05-01",6.036,1.98,214.936,1.73,4.6,6.24,71.2032612754776,3709950.66666667,359.116666666667
"2008-06-01",6.32,2,215.424,1.86,4.74,6.55,71.1274504636459,3704066.33333333,355.303333333333
"2008-07-01",6.426,2.01,215.965,1.63,4.62,6.83,70.9376277541618,3698182,351.49
"2008-08-01",6.4775,2,216.393,1.72,4.53,6.85,70.71904304192,3698241.33333333,350.41
"2008-09-01",6.0375,1.81,216.713,1.13,4.32,7.43,70.541217332629,3698300.66666667,349.33
"2008-10-01",6.2,0.97,216.788,0.67,4.45,8.85,70.3949333855576,3698360,348.25
"2008-11-01",6.0875,0.39,216.947,0.19,4.27,8.31,69.9473482520151,3639612.33333333,349.11
"2008-12-01",5.286,0.16,216.925,0.03,3.18,7.2,69.557867317854,3580864.66666667,349.97
"2009-01-01",5.0475,0.15,217.346,0.13,3.46,6.87,69.0237188868567,3522117,350.83
"2009-02-01",5.13,0.22,217.792,0.3,3.83,7.09,68.7224084524671,3547414.66666667,347.763333333333
"2009-03-01",5.0025,0.18,218.253,0.21,3.78,7.53,68.2106703751729,3572712.33333333,344.696666666667
"2009-04-01",4.81,0.15,218.706,0.16,3.84,7.19,68.1197452508136,3598010,341.63
"2009-05-01",4.8575,0.18,218.904,0.18,4.22,7.05,67.7654209301988,3606408,338.66
"2009-06-01",5.42,0.21,219.112,0.18,4.51,6.62,67.8106167537878,3614806,335.69
"2009-07-01",5.222,0.16,219.263,0.18,4.38,6.25,67.7005226063378,3623204,332.72
"2009-08-01",5.1925,0.16,219.496,0.17,4.33,5.88,67.32966206124,3660382,331.876666666667
"2009-09-01",5.0575,0.15,219.92,0.12,4.14,5.54,66.8822445248775,3697560,331.033333333333
"2009-10-01",4.952,0.12,220.501,0.07,4.16,5.49,66.606934832106,3734738,330.19
"2009-11-01",4.875,0.12,220.666,0.05,4.24,5.43,66.6750385847781,3690631.33333333,328.876666666667
"2009-12-01",4.93,0.12,220.881,0.05,4.4,5.5,66.4098067730519,3646524.66666667,327.563333333333
"2010-01-01",5.03,0.11,220.633,0.06,4.5,5.48,66.7484359301838,3602418,326.25
"2010-02-01",4.99,0.13,220.731,0.11,4.48,5.61,66.7064731011596,3653402,325.26
"2010-03-01",4.9675,0.16,220.783,0.15,4.49,5.48,66.729179411715,3704386,324.27
"2010-04-01",5.098,0.2,220.822,0.16,4.53,5.45,66.8683835557502,3755370,323.28
"2010-05-01",4.8875,0.2,220.962,0.16,4.11,5.27,66.7565519916582,3768202.33333333,324.33
"2010-06-01",4.7375,0.18,221.194,0.12,3.95,5.19,66.75198780215,3781034.66666667,325.38
"2010-07-01",4.564,0.18,221.363,0.16,3.8,4.91,66.7326672538187,3793867,326.43
"2010-08-01",4.4275,0.19,221.509,0.16,3.52,4.6,66.7835925595849,3828349.66666667,325.656666666667
"2010-09-01",4.346,0.19,221.711,0.15,3.47,4.51,66.6609928872369,3862832.33333333,324.883333333333
"2010-10-01",4.225,0.19,221.83,0.13,3.52,4.43,66.4632580921488,3897315,324.11
"2010-11-01",4.3,0.19,222.149,0.14,3.82,4.58,66.3721997709681,3853155,321.11
"2010-12-01",4.714,0.18,222.343,0.14,4.17,5,66.4932628160429,3808995,318.11
"2011-01-01",4.755,0.17,222.803,0.15,4.28,5.02,66.6786943256822,3764835,315.11
"2011-02-01",4.9525,0.16,223.213,0.13,4.42,5.12,66.5962635395665,3807566,313.266666666667
"2011-03-01",4.836,0.14,223.454,0.1,4.27,5,66.6842027579015,3850297,311.423333333333
"2011-04-01",4.84,0.1,223.727,0.06,4.28,5,66.5395687669519,3893028,309.58
"2011-05-01",4.6375,0.09,224.175,0.04,4.01,4.76,66.5374198438952,3904546.33333333,310.35
"2011-06-01",4.51,0.09,224.697,0.04,3.91,4.74,66.4136001800038,3916064.66666667,311.12
"2011-07-01",4.545,0.07,225.218,0.04,3.95,4.72,66.401049179895,3927583,311.89
"2011-08-01",4.27,0.1,225.862,0.02,3.24,4.35,66.6654081468374,3956484.66666667,312.366666666667
"2011-09-01",4.106,0.08,226.118,0.01,2.83,4.22,66.688060106527,3985386.33333333,312.843333333333
"2011-10-01",4.0675,0.07,226.506,0.02,2.87,4.36,66.6711327439981,4014288,313.32
"2011-11-01",3.9925,0.08,226.899,0.01,2.72,4.29,66.8213068759655,3996278.33333333,312.226666666667
"2011-12-01",3.958,0.07,227.405,0.01,2.67,4.28,66.8548781511884,3978268.66666667,311.133333333333
"2012-01-01",3.915,0.08,227.877,0.03,2.7,4.16,66.9270698594131,3960259,310.04
"2012-02-01",3.89,0.1,228.034,0.09,2.75,4.07,66.9637712579854,3989227.66666667,309.57
"2012-03-01",3.954,0.13,228.478,0.08,2.94,4.16,66.985797906436,4018196.33333333,309.1
"2012-04-01",3.91,0.14,228.905,0.08,2.82,4.09,66.9224888334338,4047165,308.63
"2012-05-01",3.798,0.16,229.224,0.09,2.53,3.9,67.062565902626,4060225.33333333,310.003333333333
"2012-06-01",3.675,0.16,229.623,0.09,2.31,3.74,67.1290812597523,4073285.66666667,311.376666666667
"2012-07-01",3.55,0.16,229.97,0.1,2.22,3.44,67.0469394927087,4086346,312.75
"2012-08-01",3.602,0.13,230.233,0.1,2.4,3.49,67.001792891088,4110964.33333333,313.563333333333
"2012-09-01",3.4975,0.14,230.659,0.11,2.49,3.46,67.3142273303954,4135582.66666667,314.376666666667
"2012-10-01",3.3825,0.16,231.024,0.1,2.51,3.3,67.5011794528678,4160201,315.19
"2012-11-01",3.352,0.16,231.33,0.09,2.39,3.21,67.2833072425172,4128573.33333333,315.716666666667
"2012-12-01",3.345,0.16,231.725,0.07,2.47,3.27,67.2966065812681,4096945.66666667,316.243333333333
"2013-01-01",3.414,0.14,232.229,0.07,2.68,3.44,67.2576253825474,4065318,316.77
"2013-02-01",3.5325,0.15,232.569,0.1,2.78,3.52,67.2414052054586,4102688,318.383333333333
"2013-03-01",3.565,0.14,232.794,0.09,2.78,3.5,67.176032324519,4140058,319.996666666667
"2013-04-01",3.445,0.15,232.832,0.06,2.55,3.3,67.2722888616539,4177428,321.61
"2013-05-01",3.536,0.11,232.996,0.04,2.73,3.46,67.3419556276531,4201409,323.153333333333
"2013-06-01",4.07,0.09,233.35,0.05,3.07,3.97,67.3665165120365,4225390,324.696666666667
"2013-07-01",4.37,0.09,233.88,0.04,3.31,4.23,67.4886794470807,4249371,326.24
"2013-08-01",4.456,0.08,234.336,0.04,3.49,4.38,67.4153483608184,4283274.33333333,327.11
"2013-09-01",4.49,0.08,234.7,0.02,3.53,4.45,67.4701231715595,4317177.66666667,327.98
"2013-10-01",4.192,0.09,234.921,0.05,3.38,4.23,67.1350860719794,4351081,328.85
"2013-11-01",4.255,0.08,235.359,0.07,3.5,4.28,67.4489980048406,4302034,329.76
"2013-12-01",4.4575,0.09,235.759,0.07,3.63,4.35,67.5390752225002,4252987,330.67
"2014-01-01",4.432,0.07,235.961,0.04,3.52,4.2,67.7109932943677,4203940,331.58
"2014-02-01",4.3025,0.07,236.185,0.05,3.38,4.05,67.6836096132379,4256211.33333333,333.716666666667
"2014-03-01",4.3425,0.08,236.625,0.05,3.35,4,67.9172558237011,4308482.66666667,335.853333333333
"2014-04-01",4.3375,0.09,237.072,0.03,3.27,3.91,67.940669914092,4360754,337.99
"2014-05-01",4.192,0.09,237.529,0.03,3.12,3.76,68.0290081549259,4392150,339.626666666667
"2014-06-01",4.1625,0.1,237.837,0.04,3.15,3.79,68.1564702818422,4423546,341.263333333333
"2014-07-01",4.13,0.09,238.195,0.03,3.07,3.71,68.1712384975947,4454942,342.9
"2014-08-01",4.115,0.09,238.405,0.03,2.94,3.63,68.2264832630075,4480312,343.823333333333
"2014-09-01",4.1625,0.09,238.786,0.02,3.01,3.76,68.281911586944,4505682,344.746666666667
"2014-10-01",4.036,0.09,239.191,0.02,2.77,3.59,68.580402094663,4531052,345.67
"2014-11-01",3.9975,0.09,239.458,0.02,2.76,3.65,68.5188722346639,4484025.66666667,346.94
"2014-12-01",3.864,0.12,239.584,0.03,2.55,3.56,68.4819023189191,4436999.33333333,348.21
"2015-01-01",3.67,0.11,239.811,0.03,2.2,3.26,68.5433177074023,4389973,349.48
"2015-02-01",3.71,0.11,240.172,0.02,2.34,3.31,68.5350573149257,4445398,351.373333333333
"2015-03-01",3.77,0.11,240.755,0.03,2.41,3.38,68.4283907965333,4500823,353.266666666667
"2015-04-01",3.672,0.12,241.346,0.02,2.33,3.3,68.6894631506885,4556248,355.16
"2015-05-01",3.84,0.12,241.688,0.02,2.69,3.63,68.7991795487207,4572528,356.84
"2015-06-01",3.9825,0.13,242.064,0.02,2.85,3.9,68.6879343720468,4588808,358.52
"2015-07-01",4.046,0.13,242.565,0.03,2.77,3.93,68.6355828404633,4605088,360.2
"2015-08-01",3.905,0.14,242.817,0.07,2.55,3.84,68.757692529243,4621630.33333333,361.173333333333
"2015-09-01",3.89,0.14,243.316,0.02,2.62,3.89,68.6526463340015,4638172.66666667,362.146666666667
"2015-10-01",3.796,0.12,243.768,0.02,2.5,3.79,68.7269844042554,4654715,363.12
"2015-11-01",3.9425,0.12,244.241,0.12,2.69,3.91,68.8770400039786,4602072.66666667,364.233333333333
"2015-12-01",3.964,0.24,244.547,0.23,2.61,3.89,69.0794316468262,4549430.33333333,365.346666666667
"2016-01-01",3.8725,0.34,244.955,0.26,2.49,3.84,69.186496616985,4496788,366.46
"2016-02-01",3.66,0.38,245.51,0.31,2.2,3.71,69.2618237740365,4553209,368.75
"2016-03-01",3.694,0.36,245.913,0.29,2.28,3.62,69.2817224087203,4609630,371.04
"2016-04-01",3.605,0.37,246.551,0.23,2.21,3.4,69.1808901487271,4666051,373.33
"2016-05-01",3.6,0.37,247.137,0.27,2.22,3.35,69.2904784584225,4684240,375.546666666667
"2016-06-01",3.568,0.38,247.54,0.27,2.02,3.21,69.2008363550504,4702429,377.763333333333
"2016-07-01",3.44,0.39,247.829,0.3,1.82,3.03,69.2845880199921,4720618,379.98
"2016-08-01",3.435,0.4,248.423,0.3,1.89,3.04,69.3834370471494,4750961.66666667,380.966666666667
"2016-09-01",3.46,0.4,248.842,0.29,2.02,3.11,69.4270389631473,4781305.33333333,381.953333333333
"2016-10-01",3.47,0.4,249.142,0.33,2.17,3.21,69.4274833344475,4811649,382.94
"2016-11-01",3.77,0.41,249.481,0.45,2.54,3.58,69.553076656901,4756869.66666667,383.873333333333
"2016-12-01",4.198,0.54,249.92,0.51,2.84,3.84,69.562530078475,4702090.33333333,384.806666666667
"2017-01-01",4.15,0.65,250.467,0.51,2.75,3.73,69.6438083417522,4647311,385.74
"2017-02-01",4.1675,0.66,250.998,0.52,2.76,3.73,69.7158794368194,4717519.33333333,388.616666666667
"2017-03-01",4.196,0.79,250.944,0.74,2.83,3.77,70.0105406958979,4787727.66666667,391.493333333333
"2017-04-01",4.045,0.9,251.227,0.8,2.67,3.58,70.0955543119776,4857936,394.37
"2017-05-01",4.01,0.91,251.43,0.89,2.7,3.57,70.0100032263369,4878938.66666667,396.4
"2017-06-01",3.904,1.04,251.746,0.98,2.54,3.42,70.0995763766164,4899941.33333333,398.43
"2017-07-01",3.9675,1.15,251.985,1.07,2.65,3.49,70.1745195737203,4920944,400.46
"2017-08-01",3.88,1.16,252.535,1.01,2.55,3.39,70.1496935976272,4964291.66666667,401.57
"2017-09-01",3.805,1.15,252.812,1.03,2.53,3.4,70.4762932362862,5007639.33333333,402.68
"2017-10-01",3.895,1.15,253.526,1.07,2.65,3.45,70.2619910964325,5050987,403.79
"2017-11-01",3.922,1.16,253.816,1.23,2.6,3.42,70.2980665729731,5008590.66666667,405.683333333333
"2017-12-01",3.95,1.3,254.344,1.32,2.6,3.42,70.2786403826712,4966194.33333333,407.576666666667
"2018-01-01",4.0325,1.41,255.204,1.41,2.73,3.54,70.316985370907,4923798,409.47
"2018-02-01",4.33,1.42,255.711,1.57,3.02,3.85,70.6020466874828,4994397.66666667,411.993333333333
"2018-03-01",4.444,1.51,256.271,1.7,2.97,3.89,70.5530549296226,5064997.33333333,414.516666666667
"2018-04-01",4.4675,1.69,256.63,1.76,2.96,3.96,70.5819449878446,5135597,417.04
"2018-05-01",4.586,1.7,257.145,1.86,3.05,4.1,70.7359340699864,5153007.66666667,418.733333333333
"2018-06-01",4.57,1.82,257.399,1.9,2.98,4.11,70.6991782315943,5170418.33333333,420.426666666667
"2018-07-01",4.5275,1.91,257.699,1.96,2.94,4.12,70.8633982855302,5187829,422.12
"2018-08-01",4.55,1.91,257.891,2.03,2.97,4.07,70.5678596015316,5220467.66666667,422.606666666667
"2018-09-01",4.6275,1.95,258.368,2.13,3.08,4.18,70.7658363861303,5253106.33333333,423.093333333333
"2018-10-01",4.83,2.19,258.917,2.25,3.27,4.3,70.9284672316991,5285745,423.58
"2018-11-01",4.866,2.2,259.439,2.33,3.27,4.36,70.9926791286756,5230583.66666667,425.153333333333
"2018-12-01",4.6375,2.27,260.063,2.37,2.98,4.22,70.9928065703296,5175422.33333333,426.726666666667
"2019-01-01",4.464,2.4,260.686,2.37,2.89,4.15,71.0132483843008,5120261,428.3
"2019-02-01",4.37,2.4,261.067,2.39,2.87,4.01,71.0435797571724,5197541.66666667,430.676666666667
"2019-03-01",4.265,2.41,261.537,2.4,2.8,3.87,71.0708741941713,5274822.33333333,433.053333333333
"2019-04-01",4.1425,2.42,261.976,2.38,2.76,3.75,71.1479960665498,5352103,435.43
"2019-05-01",4.072,2.39,262.304,2.35,2.63,3.61,71.1453387273728,5367323.33333333,437.28
"2019-06-01",3.8025,2.38,262.859,2.17,2.36,3.35,71.2449238245782,5382543.66666667,439.13
"2019-07-01",3.765,2.4,263.313,2.1,2.36,3.21,71.2624173491979,5397764,440.98
"2019-08-01",3.616,2.13,263.975,1.95,1.91,2.85,71.4193466506457,5435528,442.286666666667
"2019-09-01",3.605,2.04,264.425,1.89,1.97,2.93,71.7179654776069,5473292,443.593333333333
"2019-10-01",3.688,1.83,264.94,1.65,2,2.91,71.7191633539426,5511056,444.9
"2019-11-01",3.695,1.55,265.484,1.54,2.13,2.94,71.7072560844442,5425421.33333333,446.62
"2019-12-01",3.72,1.55,265.924,1.54,2.16,2.92,71.6929066639061,5339786.66666667,448.34
"2020-01-01",3.624,1.55,266.626,1.52,2.07,2.79,71.7682974853297,5254152,450.06
"2020-02-01",3.465,1.58,267.283,1.52,1.81,2.57,71.7917576443083,5146167,451.55
"2020-03-01",3.45,0.65,267.09,0.29,1.26,2.92,70.5520398127929,5038182,453.04
"2020-04-01",3.306,0.05,265.771,0.14,1.06,2.77,60.2542138111311,4930197,454.53
"2020-05-01",3.2325,0.05,265.574,0.13,1.12,2.6,62.2327662851744,5069942.33333333,457.176666666667
"2020-06-01",3.1625,0.08,265.952,0.16,1.27,2.36,64.772011354283,5209687.66666667,459.823333333333
"2020-07-01",3.016,0.09,267.352,0.13,1.09,2.05,65.3740387531243,5349433,462.47
"2020-08-01",2.935,0.1,268.469,0.1,1.14,2.01,66.8485249969113,5412745.33333333,465.86
"2020-09-01",2.89,0.09,268.938,0.11,1.21,2.08,66.9176170661494,5476057.66666667,469.25
"2020-10-01",2.834,0.09,269.236,0.1,1.34,2.15,67.8906294811151,5539370,472.64
"2020-11-01",2.765,0.09,269.901,0.09,1.4,2.11,67.8108912934753,5507715.33333333,476.416666666667
"2020-12-01",2.684,0.09,270.267,0.09,1.47,2.06,67.9104484279931,5476060.66666667,480.193333333333
"2021-01-01",2.735,0.09,270.383,0.08,1.63,2.18,68.1836111442267,5444406,483.97
"2021-02-01",2.81,0.08,270.727,0.04,1.88,2.32,68.4170830309275,5557876,492.946666666667
"2021-03-01",3.0825,0.07,271.526,0.03,2.24,2.74,68.5773822393548,5671346,501.923333333333
"2021-04-01",3.06,0.07,273.615,0.02,2.2,2.7,68.6902234009817,5784816,510.9
"2021-05-01",2.9625,0.06,275.654,0.02,2.22,2.68,68.9654483636484,5817603,520.39
"2021-06-01",2.975,0.08,277.676,0.04,2.09,2.55,69.0998670434158,5850390,529.88
"2021-07-01",2.868,0.1,278.522,0.05,1.87,2.36,69.6629791488995,5883177,539.37
"2021-08-01",2.8425,0.09,279.057,0.05,1.83,2.35,69.6745233100452,5989907.66666667,545.586666666667
"2021-09-01",2.9,0.08,279.755,0.04,1.87,2.43,69.9421388267192,6096638.33333333,551.803333333333
"2021-10-01",3.0675,0.08,281.588,0.05,2.03,2.63,70.193681662928,6203369,558.02
"2021-11-01",3.0675,0.08,283.34,0.05,1.97,2.63,70.6349962350414,6139157,564.89
"2021-12-01",3.098,0.08,285.193,0.06,1.9,2.61,70.796935942012,6074945,571.76
"2022-01-01",3.445,0.08,286.792,0.15,2.15,2.93,70.7547415557294,6010733,578.63
"2022-02-01",3.7625,0.08,288.147,0.33,2.31,3.24,70.9022214828236,6124816,591.763333333333
"2022-03-01",4.172,0.2,289.046,0.44,2.51,3.61,71.275889249996,6238899,604.896666666667
"2022-04-01",4.9825,0.33,290.41,0.76,2.99,4.2,71.2432919275047,6352982,618.03
"2022-05-01",5.23,0.77,292.251,0.98,3.26,4.54,71.3674870962389,6381706,621.536666666667
"2022-06-01",5.522,1.21,294.017,1.49,3.48,4.78,71.2357729663759,6410430,625.043333333333
"2022-07-01",5.4125,1.68,294.925,2.23,3.35,4.62,71.3004709967868,6439154,628.55
"2022-08-01",5.2225,2.33,296.639,2.63,3.35,4.57,71.4660556959833,6511109.33333333,626.92
"2022-09-01",6.112,2.56,298.339,3.13,3.82,5.27,71.4386314203774,6583064.66666667,625.29
"2022-10-01",6.9,3.08,299.333,3.72,4.28,5.83,71.2418945892019,6655020,623.66
